"time (s)","/A (V)","/B (V)","/VP (V)","/S (V)","/Cout (V)"
0.00000,0.00000,0.00000,0.00000,6.104E-9,1.027E-9
9.766E-15,1.758E-3,1.758E-3,29.22E-6,8.029E-6,30.77E-6
13.08E-15,2.355E-3,2.355E-3,36.43E-6,10.21E-6,38.79E-6
14.74E-15,2.654E-3,2.654E-3,39.72E-6,11.28E-6,42.53E-6
18.06E-15,3.251E-3,3.251E-3,45.42E-6,13.33E-6,49.33E-6
23.43E-15,4.217E-3,4.217E-3,52.61E-6,16.42E-6,59.01E-6
29.02E-15,5.224E-3,5.224E-3,58.25E-6,19.43E-6,68.22E-6
30.56E-15,5.501E-3,5.501E-3,59.53E-6,20.22E-6,70.64E-6
33.63E-15,6.054E-3,6.054E-3,61.89E-6,21.78E-6,75.48E-6
39.78E-15,7.161E-3,7.161E-3,66.18E-6,24.84E-6,85.4E-6
42.12E-15,7.582E-3,7.582E-3,67.69E-6,25.99E-6,89.29E-6
46.81E-15,8.425E-3,8.425E-3,70.63E-6,28.29E-6,97.34E-6
56.17E-15,10.11E-3,10.11E-3,76.3E-6,32.88E-6,114.6E-6
69.17E-15,12.45E-3,12.45E-3,83.94E-6,39.28E-6,141.5E-6
73.13E-15,13.16E-3,13.16E-3,86.22E-6,41.23E-6,150.3E-6
81.03E-15,14.59E-3,14.59E-3,90.75E-6,45.16E-6,168.9E-6
96.84E-15,17.43E-3,17.43E-3,99.77E-6,53.08E-6,209.5E-6
117.4E-15,21.12E-3,21.12E-3,111.5E-6,63.53E-6,269.0E-6
123.0E-15,22.13E-3,22.13E-3,114.7E-6,66.43E-6,286.6E-6
134.2E-15,24.16E-3,24.16E-3,121.2E-6,72.28E-6,323.4E-6
156.7E-15,28.2E-3,28.2E-3,134.5E-6,84.21E-6,403.4E-6
163.2E-15,29.37E-3,29.37E-3,138.4E-6,87.72E-6,428.1E-6
176.2E-15,31.71E-3,31.71E-3,146.4E-6,94.82E-6,479.5E-6
202.2E-15,36.39E-3,36.39E-3,162.8E-6,109.4E-6,590.3E-6
233.5E-15,42.03E-3,42.03E-3,183.6E-6,127.5E-6,737.0E-6
242.2E-15,43.6E-3,43.6E-3,189.7E-6,132.7E-6,780.4E-6
259.7E-15,46.74E-3,46.74E-3,201.9E-6,143.2E-6,870.5E-6
294.6E-15,53.03E-3,53.03E-3,227.6E-6,164.9E-6,1.063E-3
336.1E-15,60.5E-3,60.5E-3,259.8E-6,191.8E-6,1.309E-3
347.8E-15,62.61E-3,62.61E-3,269.3E-6,199.5E-6,1.383E-3
371.2E-15,66.82E-3,66.82E-3,288.6E-6,215.3E-6,1.533E-3
418.0E-15,75.24E-3,75.24E-3,329.3E-6,247.8E-6,1.849E-3
432.4E-15,77.83E-3,77.83E-3,342.4E-6,258.0E-6,1.95E-3
461.2E-15,83.02E-3,83.02E-3,369.1E-6,278.8E-6,2.158E-3
518.9E-15,93.39E-3,93.39E-3,425.1E-6,321.4E-6,2.584E-3
583.4E-15,105.0E-3,105.0E-3,491.4E-6,370.6E-6,3.081E-3
600.6E-15,108.1E-3,108.1E-3,509.7E-6,384.0E-6,3.216E-3
635.0E-15,114.3E-3,114.3E-3,547.1E-6,411.0E-6,3.491E-3
703.8E-15,126.7E-3,126.7E-3,624.6E-6,465.7E-6,4.052E-3
786.4E-15,141.5E-3,141.5E-3,722.0E-6,532.6E-6,4.738E-3
809.0E-15,145.6E-3,145.6E-3,749.5E-6,551.2E-6,4.928E-3
854.3E-15,153.8E-3,153.8E-3,805.4E-6,588.4E-6,5.310E-3
945.0E-15,170.1E-3,170.1E-3,920.3E-6,663.2E-6,6.077E-3
971.9E-15,174.9E-3,174.9E-3,955.2E-6,685.5E-6,6.305E-3
1.026E-12,184.7E-3,184.7E-3,1.026E-3,730.2E-6,6.76E-3
1.134E-12,204.1E-3,204.1E-3,1.17E-3,819.1E-6,7.662E-3
1.27E-12,228.5E-3,228.5E-3,1.355E-3,930.1E-6,8.776E-3
1.308E-12,235.4E-3,235.4E-3,1.408E-3,961.1E-6,9.085E-3
1.385E-12,249.2E-3,249.2E-3,1.514E-3,1.023E-3,9.693E-3
1.538E-12,276.8E-3,276.8E-3,1.727E-3,1.143E-3,10.87E-3
1.731E-12,311.7E-3,311.7E-3,1.993E-3,1.29E-3,12.27E-3
1.78E-12,320.5E-3,320.5E-3,2.06E-3,1.326E-3,12.61E-3
1.878E-12,338.1E-3,338.1E-3,2.193E-3,1.397E-3,13.27E-3
2.074E-12,373.3E-3,373.3E-3,2.453E-3,1.534E-3,14.51E-3
2.121E-12,381.9E-3,381.9E-3,2.516E-3,1.567E-3,14.8E-3
2.212E-12,398.2E-3,398.2E-3,2.634E-3,1.627E-3,15.32E-3
2.395E-12,431.0E-3,431.0E-3,2.865E-3,1.746E-3,16.31E-3
2.59E-12,466.2E-3,466.2E-3,3.107E-3,1.868E-3,17.28E-3
2.63E-12,473.5E-3,473.5E-3,3.156E-3,1.893E-3,17.47E-3
2.711E-12,488.0E-3,488.0E-3,3.255E-3,1.943E-3,17.83E-3
2.849E-12,512.8E-3,512.8E-3,3.421E-3,2.027E-3,18.41E-3
3.009E-12,541.7E-3,541.7E-3,3.614E-3,2.127E-3,19.04E-3
3.054E-12,549.7E-3,549.7E-3,3.668E-3,2.154E-3,19.2E-3
3.143E-12,565.8E-3,565.8E-3,3.776E-3,2.211E-3,19.52E-3
3.307E-12,595.2E-3,595.2E-3,3.973E-3,2.316E-3,20.05E-3
3.352E-12,603.3E-3,603.3E-3,4.028E-3,2.345E-3,20.19E-3
3.442E-12,619.6E-3,619.6E-3,4.138E-3,2.404E-3,20.45E-3
3.622E-12,652.0E-3,652.0E-3,4.36E-3,2.526E-3,20.94E-3
3.857E-12,694.3E-3,694.3E-3,4.654E-3,2.69E-3,21.5E-3
3.918E-12,705.2E-3,705.2E-3,4.73E-3,2.732E-3,21.63E-3
4.039E-12,727.0E-3,727.0E-3,4.882E-3,2.818E-3,21.87E-3
4.207E-12,757.3E-3,757.3E-3,5.096E-3,2.938E-3,22.18E-3
4.403E-12,792.6E-3,792.6E-3,5.347E-3,3.076E-3,22.5E-3
4.457E-12,802.3E-3,802.3E-3,5.416E-3,3.115E-3,22.57E-3
4.565E-12,821.8E-3,821.8E-3,5.554E-3,3.19E-3,22.72E-3
4.782E-12,860.7E-3,860.7E-3,5.83E-3,3.339E-3,22.99E-3
4.856E-12,874.1E-3,874.1E-3,5.925E-3,3.389E-3,23.07E-3
5.005E-12,900.9E-3,900.9E-3,6.114E-3,3.487E-3,23.22E-3
5.303E-12,954.6E-3,954.6E-3,6.487E-3,3.676E-3,23.48E-3
5.674E-12,1.021,1.021,6.939E-3,3.892E-3,23.73E-3
5.78E-12,1.040,1.040,7.066E-3,3.949E-3,23.79E-3
5.992E-12,1.079,1.079,7.314E-3,4.059E-3,23.91E-3
6.274E-12,1.129,1.129,7.634E-3,4.193E-3,24.05E-3
6.755E-12,1.216,1.216,8.15E-3,4.388E-3,24.31E-3
6.891E-12,1.240,1.240,8.289E-3,4.436E-3,24.39E-3
7.155E-12,1.288,1.288,8.549E-3,4.519E-3,24.54E-3
7.571E-12,1.363,1.363,8.929E-3,4.625E-3,24.74E-3
7.672E-12,1.381,1.381,9.015E-3,4.645E-3,24.78E-3
7.872E-12,1.417,1.417,9.18E-3,4.681E-3,24.84E-3
8.273E-12,1.489,1.489,9.478E-3,4.728E-3,24.90E-3
8.68E-12,1.562,1.562,9.73E-3,4.738E-3,24.86E-3
8.77E-12,1.579,1.579,9.778E-3,4.735E-3,24.84E-3
8.949E-12,1.611,1.611,9.866E-3,4.722E-3,24.77E-3
9.242E-12,1.663,1.663,9.983E-3,4.683E-3,24.62E-3
9.543E-12,1.718,1.718,10.07E-3,4.621E-3,24.40E-3
9.601E-12,1.728,1.728,10.08E-3,4.606E-3,24.35E-3
9.715E-12,1.749,1.749,10.11E-3,4.575E-3,24.24E-3
9.857E-12,1.774,1.774,10.13E-3,4.532E-3,24.09E-3
9.893E-12,1.781,1.781,10.13E-3,4.521E-3,24.05E-3
9.946E-12,1.790,1.790,10.14E-3,4.503E-3,23.99E-3
10.0E-12,1.800,1.800,10.14E-3,4.485E-3,23.92E-3
10.0E-12,1.800,1.800,10.13E-3,4.48E-3,23.90E-3
10.01E-12,1.800,1.800,10.11E-3,4.475E-3,23.88E-3
10.01E-12,1.800,1.800,10.1E-3,4.47E-3,23.86E-3
10.02E-12,1.800,1.800,10.09E-3,4.465E-3,23.85E-3
10.02E-12,1.800,1.800,10.09E-3,4.463E-3,23.84E-3
10.02E-12,1.800,1.800,10.09E-3,4.46E-3,23.83E-3
10.03E-12,1.800,1.800,10.08E-3,4.454E-3,23.81E-3
10.03E-12,1.800,1.800,10.08E-3,4.452E-3,23.8E-3
10.04E-12,1.800,1.800,10.08E-3,4.448E-3,23.79E-3
10.05E-12,1.800,1.800,10.07E-3,4.44E-3,23.76E-3
10.06E-12,1.800,1.800,10.06E-3,4.43E-3,23.73E-3
10.06E-12,1.800,1.800,10.06E-3,4.426E-3,23.71E-3
10.07E-12,1.800,1.800,10.06E-3,4.42E-3,23.69E-3
10.08E-12,1.800,1.800,10.05E-3,4.407E-3,23.64E-3
10.11E-12,1.800,1.800,10.03E-3,4.386E-3,23.54E-3
10.12E-12,1.800,1.800,10.03E-3,4.378E-3,23.51E-3
10.13E-12,1.800,1.800,10.02E-3,4.364E-3,23.44E-3
10.16E-12,1.800,1.800,9.997E-3,4.333E-3,23.28E-3
10.17E-12,1.800,1.800,9.99E-3,4.323E-3,23.24E-3
10.19E-12,1.800,1.800,9.976E-3,4.303E-3,23.13E-3
10.23E-12,1.800,1.800,9.944E-3,4.262E-3,22.91E-3
10.27E-12,1.800,1.800,9.904E-3,4.211E-3,22.62E-3
10.29E-12,1.800,1.800,9.892E-3,4.196E-3,22.54E-3
10.31E-12,1.800,1.800,9.868E-3,4.167E-3,22.36E-3
10.36E-12,1.800,1.800,9.816E-3,4.104E-3,22.0E-3
10.42E-12,1.800,1.800,9.744E-3,4.022E-3,21.51E-3
10.44E-12,1.800,1.800,9.721E-3,3.997E-3,21.36E-3
10.47E-12,1.800,1.800,9.675E-3,3.946E-3,21.05E-3
10.54E-12,1.800,1.800,9.576E-3,3.841E-3,20.41E-3
10.57E-12,1.800,1.800,9.541E-3,3.804E-3,20.19E-3
10.62E-12,1.800,1.800,9.468E-3,3.729E-3,19.74E-3
10.71E-12,1.800,1.800,9.312E-3,3.573E-3,18.8E-3
10.84E-12,1.800,1.800,9.082E-3,3.355E-3,17.51E-3
10.88E-12,1.800,1.800,9.012E-3,3.291E-3,17.12E-3
10.95E-12,1.800,1.800,8.867E-3,3.159E-3,16.35E-3
11.1E-12,1.800,1.800,8.562E-3,2.892E-3,14.8E-3
11.27E-12,1.800,1.800,8.186E-3,2.579E-3,13.0E-3
11.32E-12,1.800,1.800,8.077E-3,2.49E-3,12.5E-3
11.41E-12,1.800,1.800,7.855E-3,2.314E-3,11.51E-3
11.6E-12,1.800,1.800,7.401E-3,1.962E-3,9.554E-3
11.66E-12,1.800,1.800,7.252E-3,1.85E-3,8.939E-3
11.79E-12,1.800,1.800,6.952E-3,1.628E-3,7.729E-3
12.03E-12,1.800,1.800,6.349E-3,1.195E-3,5.402E-3
12.34E-12,1.800,1.800,5.612E-3,687.1E-6,2.721E-3
12.42E-12,1.800,1.800,5.418E-3,557.2E-6,2.045E-3
12.57E-12,1.800,1.800,5.034E-3,303.8E-6,735.6E-6
12.89E-12,1.800,1.800,4.284E-3,-177.0E-6,-1.722E-3
12.95E-12,1.800,1.800,4.152E-3,-259.3E-6,-2.139E-3
13.07E-12,1.800,1.800,3.892E-3,-420.6E-6,-2.954E-3
13.09E-12,1.800,1.800,3.834E-3,-455.7E-6,-3.131E-3
13.14E-12,1.800,1.800,3.721E-3,-525.3E-6,-3.482E-3
13.20E-12,1.800,1.800,3.599E-3,-599.4E-6,-3.879E-3
13.21E-12,1.800,1.800,3.577E-3,-613.5E-6,-3.954E-3
13.23E-12,1.800,1.800,3.534E-3,-642.6E-6,-4.103E-3
13.27E-12,1.800,1.800,3.449E-3,-700.9E-6,-4.395E-3
13.31E-12,1.800,1.800,3.372E-3,-754.0E-6,-4.66E-3
13.32E-12,1.800,1.800,3.334E-3,-780.4E-6,-4.795E-3
13.36E-12,1.800,1.800,3.268E-3,-824.9E-6,-5.03E-3
13.41E-12,1.800,1.800,3.153E-3,-900.9E-6,-5.436E-3
13.42E-12,1.800,1.800,3.132E-3,-915.0E-6,-5.511E-3
13.44E-12,1.800,1.800,3.089E-3,-942.9E-6,-5.661E-3
13.49E-12,1.800,1.800,3.003E-3,-998.3E-6,-5.956E-3
13.57E-12,1.800,1.800,2.833E-3,-1.106E-3,-6.531E-3
13.6E-12,1.800,1.800,2.766E-3,-1.149E-3,-6.755E-3
13.67E-12,1.800,1.800,2.631E-3,-1.232E-3,-7.196E-3
13.8E-12,1.800,1.800,2.365E-3,-1.393E-3,-8.048E-3
14.01E-12,1.800,1.800,1.965E-3,-1.627E-3,-9.288E-3
14.07E-12,1.800,1.800,1.839E-3,-1.698E-3,-9.666E-3
14.21E-12,1.800,1.800,1.593E-3,-1.835E-3,-10.4E-3
14.47E-12,1.800,1.800,1.117E-3,-2.089E-3,-11.78E-3
14.57E-12,1.800,1.800,940.2E-6,-2.18E-3,-12.28E-3
14.77E-12,1.800,1.800,597.5E-6,-2.351E-3,-13.23E-3
15.05E-12,1.800,1.800,154.1E-6,-2.561E-3,-14.43E-3
15.17E-12,1.800,1.800,-15.65E-6,-2.648E-3,-14.95E-3
15.29E-12,1.800,1.800,-160.7E-6,-2.72E-3,-15.39E-3
15.39E-12,1.800,1.800,-293.4E-6,-2.783E-3,-15.78E-3
15.58E-12,1.800,1.800,-544.2E-6,-2.894E-3,-16.49E-3
15.63E-12,1.800,1.800,-607.2E-6,-2.919E-3,-16.66E-3
15.71E-12,1.800,1.800,-694.0E-6,-2.953E-3,-16.9E-3
15.79E-12,1.800,1.800,-798.1E-6,-2.993E-3,-17.19E-3
15.83E-12,1.800,1.800,-838.5E-6,-3.008E-3,-17.29E-3
15.89E-12,1.800,1.800,-918.1E-6,-3.037E-3,-17.51E-3
16.03E-12,1.800,1.800,-1.073E-3,-3.092E-3,-17.92E-3
16.17E-12,1.800,1.800,-1.231E-3,-3.144E-3,-18.35E-3
16.22E-12,1.800,1.800,-1.279E-3,-3.159E-3,-18.47E-3
16.3E-12,1.800,1.800,-1.373E-3,-3.188E-3,-18.72E-3
16.48E-12,1.800,1.800,-1.556E-3,-3.239E-3,-19.2E-3
16.84E-12,1.800,1.800,-1.896E-3,-3.319E-3,-20.07E-3
16.97E-12,1.800,1.800,-2.009E-3,-3.34E-3,-20.36E-3
17.22E-12,1.800,1.800,-2.223E-3,-3.373E-3,-20.90E-3
17.73E-12,1.800,1.800,-2.604E-3,-3.398E-3,-21.85E-3
17.90E-12,1.800,1.800,-2.719E-3,-3.395E-3,-22.14E-3
18.25E-12,1.800,1.800,-2.928E-3,-3.374E-3,-22.68E-3
18.94E-12,1.800,1.800,-3.263E-3,-3.277E-3,-23.6E-3
19.71E-12,1.800,1.800,-3.514E-3,-3.1E-3,-24.41E-3
19.91E-12,1.800,1.800,-3.561E-3,-3.041E-3,-24.6E-3
20.32E-12,1.800,1.800,-3.631E-3,-2.912E-3,-24.94E-3
21.13E-12,1.800,1.800,-3.686E-3,-2.617E-3,-25.53E-3
22.04E-12,1.800,1.800,-3.618E-3,-2.236E-3,-26.07E-3
22.24E-12,1.800,1.800,-3.583E-3,-2.143E-3,-26.18E-3
22.65E-12,1.800,1.800,-3.494E-3,-1.949E-3,-26.38E-3
23.16E-12,1.800,1.800,-3.339E-3,-1.685E-3,-26.62E-3
23.32E-12,1.800,1.800,-3.280E-3,-1.598E-3,-26.69E-3
23.64E-12,1.800,1.800,-3.147E-3,-1.414E-3,-26.83E-3
24.28E-12,1.800,1.800,-2.817E-3,-1.019E-3,-27.09E-3
24.38E-12,1.800,1.800,-2.756E-3,-951.5E-6,-27.13E-3
24.59E-12,1.800,1.800,-2.628E-3,-814.6E-6,-27.2E-3
24.99E-12,1.800,1.800,-2.363E-3,-545.7E-6,-27.35E-3
25.38E-12,1.800,1.800,-2.085E-3,-281.9E-6,-27.49E-3
25.47E-12,1.800,1.800,-2.014E-3,-217.5E-6,-27.53E-3
25.66E-12,1.800,1.800,-1.871E-3,-90.65E-6,-27.6E-3
25.87E-12,1.800,1.800,-1.716E-3,41.62E-6,-27.67E-3
25.93E-12,1.800,1.800,-1.67E-3,80.63E-6,-27.69E-3
26.06E-12,1.800,1.800,-1.576E-3,157.6E-6,-27.74E-3
26.3E-12,1.800,1.800,-1.388E-3,303.6E-6,-27.83E-3
26.61E-12,1.800,1.800,-1.158E-3,466.1E-6,-27.94E-3
26.75E-12,1.800,1.800,-1.048E-3,541.5E-6,-28.0E-3
26.97E-12,1.800,1.800,-886.0E-6,651.0E-6,-28.08E-3
27.26E-12,1.800,1.800,-666.9E-6,793.7E-6,-28.19E-3
27.6E-12,1.800,1.800,-423.3E-6,945.2E-6,-28.32E-3
27.7E-12,1.800,1.800,-348.7E-6,990.0E-6,-28.36E-3
27.90E-12,1.800,1.800,-200.4E-6,1.077E-3,-28.44E-3
28.23E-12,1.800,1.800,37.89E-6,1.21E-3,-28.57E-3
28.35E-12,1.800,1.800,129.4E-6,1.257E-3,-28.62E-3
28.58E-12,1.800,1.800,306.3E-6,1.347E-3,-28.72E-3
28.82E-12,1.800,1.800,483.4E-6,1.436E-3,-28.81E-3
29.03E-12,1.800,1.800,633.7E-6,1.51E-3,-28.90E-3
29.08E-12,1.800,1.800,666.3E-6,1.525E-3,-28.92E-3
29.17E-12,1.800,1.800,731.1E-6,1.556E-3,-28.96E-3
29.36E-12,1.800,1.800,858.6E-6,1.615E-3,-29.04E-3
29.73E-12,1.800,1.800,1.105E-3,1.726E-3,-29.19E-3
29.88E-12,1.800,1.800,1.202E-3,1.767E-3,-29.25E-3
30.18E-12,1.800,1.800,1.391E-3,1.845E-3,-29.38E-3
30.78E-12,1.800,1.800,1.746E-3,1.979E-3,-29.64E-3
31.07E-12,1.800,1.800,1.906E-3,2.033E-3,-29.77E-3
31.65E-12,1.800,1.800,2.205E-3,2.124E-3,-30.03E-3
32.81E-12,1.800,1.800,2.722E-3,2.238E-3,-30.55E-3
34.30E-12,1.800,1.800,3.231E-3,2.271E-3,-31.24E-3
34.7E-12,1.800,1.800,3.336E-3,2.260E-3,-31.42E-3
35.49E-12,1.800,1.800,3.511E-3,2.216E-3,-31.78E-3
37.04E-12,1.800,1.800,3.729E-3,2.065E-3,-32.46E-3
38.46E-12,1.800,1.800,3.792E-3,1.87E-3,-33.0E-3
38.81E-12,1.800,1.800,3.789E-3,1.815E-3,-33.11E-3
39.5E-12,1.800,1.800,3.764E-3,1.699E-3,-33.3E-3
40.89E-12,1.800,1.800,3.646E-3,1.454E-3,-33.57E-3
41.24E-12,1.800,1.800,3.603E-3,1.391E-3,-33.61E-3
41.85E-12,1.800,1.800,3.518E-3,1.278E-3,-33.66E-3
42.45E-12,1.800,1.800,3.422E-3,1.167E-3,-33.66E-3
43.06E-12,1.800,1.800,3.316E-3,1.055E-3,-33.63E-3
43.29E-12,1.800,1.800,3.274E-3,1.013E-3,-33.61E-3
43.75E-12,1.800,1.800,3.186E-3,931.5E-6,-33.54E-3
44.66E-12,1.800,1.800,3.014E-3,774.6E-6,-33.33E-3
45.53E-12,1.800,1.800,2.837E-3,632.1E-6,-33.0E-3
45.73E-12,1.800,1.800,2.795E-3,600.9E-6,-32.91E-3
46.12E-12,1.800,1.800,2.71E-3,539.5E-6,-32.71E-3
46.91E-12,1.800,1.800,2.539E-3,420.9E-6,-32.21E-3
47.23E-12,1.800,1.800,2.469E-3,374.1E-6,-31.97E-3
47.88E-12,1.800,1.800,2.327E-3,283.5E-6,-31.44E-3
49.17E-12,1.800,1.800,2.047E-3,115.2E-6,-30.13E-3
50.64E-12,1.800,1.800,1.735E-3,-55.85E-6,-28.27E-3
51.04E-12,1.800,1.800,1.650E-3,-101.7E-6,-27.7E-3
51.85E-12,1.800,1.800,1.484E-3,-187.1E-6,-26.45E-3
52.88E-12,1.800,1.800,1.278E-3,-285.6E-6,-24.66E-3
54.14E-12,1.800,1.800,1.04E-3,-389.2E-6,-22.14E-3
54.44E-12,1.800,1.800,984.4E-6,-411.8E-6,-21.46E-3
55.04E-12,1.800,1.800,878.0E-6,-453.6E-6,-20.05E-3
56.21E-12,1.800,1.800,679.4E-6,-526.3E-6,-17.03E-3
56.5E-12,1.800,1.800,632.2E-6,-542.4E-6,-16.23E-3
57.08E-12,1.800,1.800,542.0E-6,-571.5E-6,-14.61E-3
57.86E-12,1.800,1.800,424.7E-6,-607.5E-6,-12.42E-3
58.48E-12,1.800,1.800,333.9E-6,-633.3E-6,-10.70E-3
58.69E-12,1.800,1.800,303.9E-6,-641.4E-6,-10.13E-3
59.11E-12,1.800,1.800,244.3E-6,-656.9E-6,-9.025E-3
59.93E-12,1.800,1.800,126.6E-6,-685.1E-6,-6.898E-3
61.11E-12,1.800,1.800,-34.94E-6,-718.8E-6,-4.133E-3
61.47E-12,1.800,1.800,-83.5E-6,-727.8E-6,-3.345E-3
62.19E-12,1.800,1.800,-178.8E-6,-744.1E-6,-1.857E-3
63.63E-12,1.800,1.800,-361.8E-6,-769.9E-6,756.7E-6
63.97E-12,1.800,1.800,-405.1E-6,-774.8E-6,1.293E-3
64.48E-12,1.800,1.800,-466.8E-6,-781.3E-6,2.051E-3
64.96E-12,1.800,1.800,-522.6E-6,-786.4E-6,2.732E-3
65.46E-12,1.800,1.800,-577.8E-6,-790.6E-6,3.403E-3
65.65E-12,1.800,1.800,-598.0E-6,-792.0E-6,3.647E-3
66.02E-12,1.800,1.800,-637.6E-6,-794.3E-6,4.119E-3
66.77E-12,1.800,1.800,-713.8E-6,-797.6E-6,5.007E-3
68.28E-12,1.800,1.800,-854.7E-6,-799.4E-6,6.57E-3
68.8E-12,1.800,1.800,-900.6E-6,-798.6E-6,7.055E-3
69.86E-12,1.800,1.800,-986.7E-6,-795.2E-6,7.933E-3
71.97E-12,1.800,1.800,-1.138E-3,-782.0E-6,9.364E-3
72.51E-12,1.800,1.800,-1.172E-3,-777.4E-6,9.667E-3
73.60E-12,1.800,1.800,-1.236E-3,-766.9E-6,10.20E-3
75.78E-12,1.800,1.800,-1.345E-3,-742.2E-6,11.01E-3
78.09E-12,1.800,1.800,-1.435E-3,-711.9E-6,11.56E-3
78.68E-12,1.800,1.800,-1.454E-3,-703.5E-6,11.65E-3
79.88E-12,1.800,1.800,-1.488E-3,-686.1E-6,11.79E-3
82.27E-12,1.800,1.800,-1.541E-3,-650.3E-6,11.89E-3
84.86E-12,1.800,1.800,-1.577E-3,-610.4E-6,11.79E-3
85.56E-12,1.800,1.800,-1.584E-3,-599.5E-6,11.74E-3
86.95E-12,1.800,1.800,-1.593E-3,-578.0E-6,11.59E-3
89.74E-12,1.800,1.800,-1.598E-3,-535.4E-6,11.20E-3
90.53E-12,1.800,1.800,-1.597E-3,-523.6E-6,11.07E-3
92.11E-12,1.800,1.800,-1.59E-3,-500.2E-6,10.79E-3
95.26E-12,1.800,1.800,-1.568E-3,-455.2E-6,10.19E-3
99.10E-12,1.800,1.800,-1.524E-3,-403.7E-6,9.418E-3
100.2E-12,1.800,1.800,-1.509E-3,-389.8E-6,9.195E-3
102.4E-12,1.800,1.800,-1.475E-3,-362.5E-6,8.754E-3
106.7E-12,1.800,1.800,-1.400E-3,-311.7E-6,7.901E-3
111.6E-12,1.800,1.800,-1.31E-3,-262.9E-6,7.04E-3
113.1E-12,1.800,1.800,-1.281E-3,-248.9E-6,6.785E-3
116.2E-12,1.800,1.800,-1.221E-3,-223.1E-6,6.305E-3
121.3E-12,1.800,1.800,-1.12E-3,-184.7E-6,5.581E-3
123.3E-12,1.800,1.800,-1.082E-3,-171.7E-6,5.333E-3
127.2E-12,1.800,1.800,-1.007E-3,-148.0E-6,4.875E-3
135.0E-12,1.800,1.800,-863.3E-6,-108.7E-6,4.1E-3
144.5E-12,1.800,1.800,-704.2E-6,-72.89E-6,3.365E-3
147.0E-12,1.800,1.800,-666.0E-6,-65.62E-6,3.208E-3
151.9E-12,1.800,1.800,-593.9E-6,-53.0E-6,2.925E-3
161.8E-12,1.800,1.800,-466.0E-6,-33.74E-6,2.458E-3
163.3E-12,1.800,1.800,-447.8E-6,-31.39E-6,2.396E-3
166.4E-12,1.800,1.800,-413.0E-6,-27.12E-6,2.278E-3
172.7E-12,1.800,1.800,-349.5E-6,-20.05E-6,2.068E-3
175.8E-12,1.800,1.800,-320.7E-6,-17.17E-6,1.975E-3
182.0E-12,1.800,1.800,-268.7E-6,-12.45E-6,1.807E-3
190.6E-12,1.800,1.800,-207.6E-6,-7.701E-6,1.609E-3
194.3E-12,1.800,1.800,-184.6E-6,-6.182E-6,1.534E-3
201.8E-12,1.800,1.800,-144.5E-6,-3.867E-6,1.399E-3
216.8E-12,1.800,1.800,-83.61E-6,-1.148E-6,1.181E-3
227.8E-12,1.800,1.800,-52.52E-6,-273.1E-9,1.054E-3
230.6E-12,1.800,1.800,-46.33E-6,-176.9E-9,1.026E-3
236.1E-12,1.800,1.800,-35.49E-6,-64.14E-9,973.5E-6
247.2E-12,1.800,1.800,-18.75E-6,-21.08E-9,880.8E-6
250.5E-12,1.800,1.800,-15.01E-6,-45.85E-9,856.6E-6
256.9E-12,1.800,1.800,-8.723E-6,-119.5E-9,811.5E-6
269.9E-12,1.800,1.800,136.9E-9,-304.5E-9,732.1E-6
285.4E-12,1.800,1.800,6.05E-6,-532.5E-9,652.6E-6
289.9E-12,1.800,1.800,6.94E-6,-597.6E-9,632.5E-6
298.9E-12,1.800,1.800,8.027E-6,-715.4E-9,595.3E-6
316.9E-12,1.800,1.800,8.467E-6,-889.2E-9,531.1E-6
339.0E-12,1.800,1.800,7.297E-6,-1.002E-6,467.0E-6
345.5E-12,1.800,1.800,6.705E-6,-1.019E-6,450.9E-6
358.5E-12,1.800,1.800,5.451E-6,-1.035E-6,421.4E-6
384.4E-12,1.800,1.800,3.123E-6,-1.011E-6,371.4E-6
392.6E-12,1.800,1.800,2.464E-6,-993.1E-9,357.8E-6
409.1E-12,1.800,1.800,1.316E-6,-947.5E-9,333.0E-6
442.1E-12,1.800,1.800,-321.3E-9,-838.0E-9,291.6E-6
485.5E-12,1.800,1.800,-1.464E-6,-692.2E-9,249.4E-6
498.8E-12,1.800,1.800,-1.626E-6,-653.7E-9,238.7E-6
525.4E-12,1.800,1.800,-1.803E-6,-583.0E-9,219.8E-6
578.5E-12,1.800,1.800,-1.815E-6,-458.5E-9,188.9E-6
651.2E-12,1.800,1.800,-1.537E-6,-331.2E-9,157.7E-6
674.1E-12,1.800,1.800,-1.422E-6,-305.0E-9,149.8E-6
720.0E-12,1.800,1.800,-1.217E-6,-260.1E-9,136.2E-6
811.8E-12,1.800,1.800,-888.7E-9,-187.0E-9,114.7E-6
836.8E-12,1.800,1.800,-821.3E-9,-173.4E-9,109.9E-6
886.8E-12,1.800,1.800,-709.5E-9,-150.2E-9,101.5E-6
986.8E-12,1.800,1.800,-536.5E-9,-112.2E-9,87.76E-6
1.087E-9,1.800,1.800,-415.9E-9,-86.0E-9,77.15E-6
1.112E-9,1.800,1.800,-394.7E-9,-81.9E-9,74.89E-6
1.162E-9,1.800,1.800,-358.2E-9,-74.0E-9,70.73E-6
1.262E-9,1.800,1.800,-294.2E-9,-59.27E-9,63.59E-6
1.362E-9,1.800,1.800,-242.9E-9,-47.9E-9,57.7E-6
1.387E-9,1.800,1.800,-232.6E-9,-45.85E-9,56.4E-6
1.437E-9,1.800,1.800,-214.6E-9,-41.96E-9,53.95E-6
1.537E-9,1.800,1.800,-182.9E-9,-34.80E-9,49.62E-6
1.562E-9,1.800,1.800,-176.1E-9,-33.31E-9,48.64E-6
1.612E-9,1.800,1.800,-163.6E-9,-30.56E-9,46.79E-6
1.712E-9,1.800,1.800,-141.7E-9,-25.66E-9,43.46E-6
1.812E-9,1.800,1.800,-123.6E-9,-21.66E-9,40.56E-6
1.837E-9,1.800,1.800,-119.8E-9,-20.86E-9,39.9E-6
1.887E-9,1.800,1.800,-112.8E-9,-19.32E-9,38.63E-6
1.943E-9,1.800,1.800,-105.5E-9,-17.65E-9,37.28E-6
2.0E-9,1.800,1.800,-98.71E-9,-16.11E-9,36.02E-6
2.0E-9,1.800,1.800,3.078E-3,115.5E-6,63.57E-6
2.0E-9,1.800,1.800,6.003E-3,215.2E-6,94.09E-6
2.0E-9,1.800,1.800,7.11E-3,251.2E-6,106.8E-6
2.0E-9,1.800,1.800,9.082E-3,313.8E-6,131.3E-6
2.0E-9,1.800,1.800,11.77E-3,398.2E-6,168.0E-6
2.0E-9,1.800,1.800,15.57E-3,518.2E-6,224.7E-6
2.0E-9,1.800,1.800,16.72E-3,554.9E-6,242.8E-6
2.0E-9,1.800,1.800,19.11E-3,632.3E-6,281.8E-6
2.001E-9,1.800,1.800,24.28E-3,803.8E-6,370.4E-6
2.001E-9,1.800,1.800,31.18E-3,1.042E-3,496.0E-6
2.001E-9,1.800,1.800,33.28E-3,1.116E-3,535.5E-6
2.001E-9,1.800,1.800,37.64E-3,1.273E-3,619.4E-6
2.001E-9,1.800,1.800,47.0E-3,1.621E-3,805.4E-6
2.001E-9,1.800,1.800,49.53E-3,1.718E-3,856.9E-6
2.001E-9,1.800,1.800,53.43E-3,1.868E-3,936.9E-6
2.001E-9,1.800,1.800,57.45E-3,2.025E-3,1.02E-3
2.001E-9,1.800,1.800,57.92E-3,2.042E-3,1.031E-3
2.001E-9,1.800,1.800,58.81E-3,2.075E-3,1.051E-3
2.001E-9,1.800,1.800,60.44E-3,2.136E-3,1.092E-3
2.001E-9,1.800,1.800,61.83E-3,2.19E-3,1.129E-3
2.001E-9,1.800,1.800,62.25E-3,2.206E-3,1.140E-3
2.001E-9,1.800,1.800,63.09E-3,2.24E-3,1.163E-3
2.001E-9,1.800,1.800,64.75E-3,2.309E-3,1.208E-3
2.001E-9,1.800,1.800,65.46E-3,2.339E-3,1.227E-3
2.001E-9,1.800,1.800,66.89E-3,2.401E-3,1.266E-3
2.001E-9,1.800,1.800,69.68E-3,2.527E-3,1.343E-3
2.001E-9,1.800,1.800,73.62E-3,2.714E-3,1.452E-3
2.001E-9,1.800,1.800,74.71E-3,2.767E-3,1.482E-3
2.001E-9,1.800,1.800,76.86E-3,2.874E-3,1.542E-3
2.001E-9,1.800,1.800,81.07E-3,3.09E-3,1.659E-3
2.001E-9,1.800,1.800,86.47E-3,3.374E-3,1.807E-3
2.001E-9,1.800,1.800,88.08E-3,3.461E-3,1.851E-3
2.002E-9,1.800,1.800,91.26E-3,3.632E-3,1.936E-3
2.002E-9,1.800,1.800,97.47E-3,3.972E-3,2.1E-3
2.002E-9,1.800,1.800,99.91E-3,4.105E-3,2.163E-3
2.002E-9,1.800,1.800,104.7E-3,4.369E-3,2.284E-3
2.002E-9,1.800,1.800,114.1E-3,4.877E-3,2.509E-3
2.002E-9,1.800,1.800,126.0E-3,5.506E-3,2.771E-3
2.002E-9,1.800,1.800,129.3E-3,5.678E-3,2.839E-3
2.002E-9,1.800,1.800,135.9E-3,6.008E-3,2.966E-3
2.003E-9,1.800,1.800,148.8E-3,6.619E-3,3.188E-3
2.003E-9,1.800,1.800,163.7E-3,7.264E-3,3.403E-3
2.003E-9,1.800,1.800,167.9E-3,7.43E-3,3.454E-3
2.003E-9,1.800,1.800,176.1E-3,7.742E-3,3.545E-3
2.004E-9,1.800,1.800,192.1E-3,8.295E-3,3.69E-3
2.004E-9,1.800,1.800,197.6E-3,8.465E-3,3.728E-3
2.004E-9,1.800,1.800,208.5E-3,8.776E-3,3.791E-3
2.005E-9,1.800,1.800,229.8E-3,9.293E-3,3.866E-3
2.005E-9,1.800,1.800,254.4E-3,9.751E-3,3.884E-3
2.005E-9,1.800,1.800,260.6E-3,9.845E-3,3.878E-3
2.006E-9,1.800,1.800,272.9E-3,10.01E-3,3.855E-3
2.006E-9,1.800,1.800,295.0E-3,10.24E-3,3.783E-3
2.007E-9,1.800,1.800,321.6E-3,10.4E-3,3.654E-3
2.007E-9,1.800,1.800,329.5E-3,10.43E-3,3.608E-3
2.007E-9,1.800,1.800,345.1E-3,10.46E-3,3.507E-3
2.008E-9,1.800,1.800,375.6E-3,10.43E-3,3.284E-3
2.008E-9,1.800,1.800,383.9E-3,10.4E-3,3.218E-3
2.009E-9,1.800,1.800,400.2E-3,10.33E-3,3.083E-3
2.010E-9,1.800,1.800,427.2E-3,10.14E-3,2.849E-3
2.011E-9,1.800,1.800,464.0E-3,9.771E-3,2.510E-3
2.011E-9,1.800,1.800,472.8E-3,9.663E-3,2.427E-3
2.011E-9,1.800,1.800,488.9E-3,9.444E-3,2.272E-3
2.012E-9,1.800,1.800,508.9E-3,9.137E-3,2.077E-3
2.013E-9,1.800,1.800,545.8E-3,8.458E-3,1.717E-3
2.014E-9,1.800,1.800,556.0E-3,8.243E-3,1.618E-3
2.014E-9,1.800,1.800,573.1E-3,7.854E-3,1.453E-3
2.015E-9,1.800,1.800,595.7E-3,7.287E-3,1.239E-3
2.015E-9,1.800,1.800,603.4E-3,7.076E-3,1.166E-3
2.016E-9,1.800,1.800,618.7E-3,6.637E-3,1.025E-3
2.017E-9,1.800,1.800,641.9E-3,5.914E-3,817.8E-6
2.018E-9,1.800,1.800,671.5E-3,4.891E-3,564.7E-6
2.018E-9,1.800,1.800,679.8E-3,4.585E-3,496.8E-6
2.019E-9,1.800,1.800,695.9E-3,3.964E-3,367.1E-6
2.02E-9,1.800,1.800,717.2E-3,3.098E-3,202.1E-6
2.021E-9,1.800,1.800,744.2E-3,1.932E-3,3.138E-6
2.021E-9,1.800,1.800,751.2E-3,1.618E-3,-46.51E-6
2.022E-9,1.800,1.800,765.0E-3,984.5E-6,-143.8E-6
2.023E-9,1.800,1.800,788.0E-3,-103.9E-6,-304.8E-6
2.023E-9,1.800,1.800,794.6E-3,-426.7E-6,-349.2E-6
2.024E-9,1.800,1.800,807.8E-3,-1.111E-3,-434.0E-6
2.024E-9,1.800,1.800,814.5E-3,-1.465E-3,-476.3E-6
2.024E-9,1.800,1.800,816.0E-3,-1.543E-3,-485.4E-6
2.024E-9,1.800,1.800,819.0E-3,-1.697E-3,-503.4E-6
2.025E-9,1.800,1.800,824.8E-3,-2.005E-3,-538.5E-6
2.025E-9,1.800,1.800,836.4E-3,-2.617E-3,-605.7E-6
2.025E-9,1.800,1.800,840.8E-3,-2.852E-3,-630.6E-6
2.026E-9,1.800,1.800,849.6E-3,-3.319E-3,-678.6E-6
2.027E-9,1.800,1.800,866.9E-3,-4.241E-3,-767.3E-6
2.027E-9,1.800,1.800,873.8E-3,-4.609E-3,-800.3E-6
2.028E-9,1.800,1.800,887.3E-3,-5.335E-3,-861.8E-6
2.029E-9,1.800,1.800,913.7E-3,-6.756E-3,-966.7E-6
2.031E-9,1.800,1.800,940.5E-3,-8.135E-3,-1.047E-3
2.031E-9,1.800,1.800,945.9E-3,-8.406E-3,-1.06E-3
2.031E-9,1.800,1.800,956.7E-3,-8.939E-3,-1.083E-3
2.032E-9,1.800,1.800,973.9E-3,-9.796E-3,-1.113E-3
2.033E-9,1.800,1.800,991.5E-3,-10.69E-3,-1.136E-3
2.034E-9,1.800,1.800,997.1E-3,-10.98E-3,-1.142E-3
2.034E-9,1.800,1.800,1.008,-11.57E-3,-1.150E-3
2.036E-9,1.800,1.800,1.030,-12.77E-3,-1.157E-3
2.036E-9,1.800,1.800,1.038,-13.20E-3,-1.156E-3
2.037E-9,1.800,1.800,1.052,-14.1E-3,-1.150E-3
2.039E-9,1.800,1.800,1.076,-15.64E-3,-1.129E-3
2.04E-9,1.800,1.800,1.096,-17.24E-3,-1.099E-3
2.04E-9,1.800,1.800,1.101,-17.63E-3,-1.091E-3
2.041E-9,1.800,1.800,1.110,-18.45E-3,-1.073E-3
2.042E-9,1.800,1.800,1.128,-20.23E-3,-1.036E-3
2.043E-9,1.800,1.800,1.143,-21.84E-3,-1.003E-3
2.043E-9,1.800,1.800,1.147,-22.26E-3,-994.7E-6
2.044E-9,1.800,1.800,1.154,-23.1E-3,-978.5E-6
2.045E-9,1.800,1.800,1.169,-24.75E-3,-948.9E-6
2.045E-9,1.800,1.800,1.174,-25.33E-3,-939.0E-6
2.046E-9,1.800,1.800,1.184,-26.5E-3,-920.1E-6
2.048E-9,1.800,1.800,1.205,-28.81E-3,-886.3E-6
2.049E-9,1.800,1.800,1.227,-31.48E-3,-854.0E-6
2.05E-9,1.800,1.800,1.233,-32.14E-3,-847.2E-6
2.05E-9,1.800,1.800,1.241,-33.13E-3,-838.0E-6
2.051E-9,1.800,1.800,1.250,-34.12E-3,-830.0E-6
2.051E-9,1.800,1.800,1.251,-34.27E-3,-829.8E-6
2.051E-9,1.800,1.800,1.253,-34.57E-3,-831.3E-6
2.052E-9,1.800,1.800,1.256,-35.1E-3,-841.2E-6
2.052E-9,1.800,1.800,1.257,-35.27E-3,-846.3E-6
2.052E-9,1.800,1.800,1.259,-35.63E-3,-859.3E-6
2.052E-9,1.800,1.800,1.262,-36.35E-3,-893.9E-6
2.053E-9,1.800,1.800,1.267,-37.53E-3,-968.0E-6
2.053E-9,1.800,1.800,1.268,-37.89E-3,-993.9E-6
2.054E-9,1.800,1.800,1.270,-38.62E-3,-1.048E-3
2.054E-9,1.800,1.800,1.273,-40.03E-3,-1.161E-3
2.055E-9,1.800,1.800,1.274,-41.5E-3,-1.282E-3
2.056E-9,1.800,1.800,1.274,-41.88E-3,-1.314E-3
2.056E-9,1.800,1.800,1.274,-42.62E-3,-1.375E-3
2.057E-9,1.800,1.800,1.272,-43.73E-3,-1.465E-3
2.057E-9,1.800,1.800,1.271,-44.1E-3,-1.495E-3
2.058E-9,1.800,1.800,1.268,-44.78E-3,-1.549E-3
2.059E-9,1.800,1.800,1.262,-45.89E-3,-1.627E-3
2.06E-9,1.800,1.800,1.251,-46.73E-3,-1.679E-3
2.061E-9,1.800,1.800,1.247,-46.87E-3,-1.688E-3
2.061E-9,1.800,1.800,1.239,-47.03E-3,-1.705E-3
2.062E-9,1.800,1.800,1.233,-47.04E-3,-1.717E-3
2.062E-9,1.800,1.800,1.232,-47.03E-3,-1.719E-3
2.062E-9,1.800,1.800,1.229,-47.01E-3,-1.723E-3
2.062E-9,1.800,1.800,1.225,-46.93E-3,-1.729E-3
2.063E-9,1.800,1.800,1.223,-46.91E-3,-1.73E-3
2.063E-9,1.800,1.800,1.221,-46.85E-3,-1.733E-3
2.063E-9,1.800,1.800,1.216,-46.7E-3,-1.739E-3
2.064E-9,1.800,1.800,1.205,-46.27E-3,-1.749E-3
2.064E-9,1.800,1.800,1.200,-45.99E-3,-1.754E-3
2.065E-9,1.800,1.800,1.188,-45.31E-3,-1.764E-3
2.066E-9,1.800,1.800,1.162,-43.39E-3,-1.782E-3
2.068E-9,1.800,1.800,1.112,-38.56E-3,-1.818E-3
2.069E-9,1.800,1.800,1.105,-37.74E-3,-1.823E-3
2.069E-9,1.800,1.800,1.090,-35.98E-3,-1.836E-3
2.07E-9,1.800,1.800,1.070,-33.57E-3,-1.852E-3
2.07E-9,1.800,1.800,1.065,-32.93E-3,-1.856E-3
2.071E-9,1.800,1.800,1.057,-31.94E-3,-1.863E-3
2.071E-9,1.800,1.800,1.050,-30.92E-3,-1.87E-3
2.071E-9,1.800,1.800,1.048,-30.66E-3,-1.871E-3
2.071E-9,1.800,1.800,1.044,-30.13E-3,-1.872E-3
2.071E-9,1.800,1.800,1.039,-29.3E-3,-1.869E-3
2.072E-9,1.800,1.800,1.029,-27.81E-3,-1.855E-3
2.072E-9,1.800,1.800,1.027,-27.38E-3,-1.848E-3
2.072E-9,1.800,1.800,1.022,-26.5E-3,-1.833E-3
2.073E-9,1.800,1.800,1.012,-24.69E-3,-1.794E-3
2.073E-9,1.800,1.800,1.008,-23.96E-3,-1.776E-3
2.073E-9,1.800,1.800,1.000,-22.47E-3,-1.736E-3
2.074E-9,1.800,1.800,985.2E-3,-19.36E-3,-1.645E-3
2.075E-9,1.800,1.800,963.7E-3,-14.47E-3,-1.492E-3
2.075E-9,1.800,1.800,957.5E-3,-12.95E-3,-1.443E-3
2.076E-9,1.800,1.800,945.1E-3,-9.828E-3,-1.344E-3
2.077E-9,1.800,1.800,921.1E-3,-3.321E-3,-1.143E-3
2.077E-9,1.800,1.800,917.6E-3,-2.33E-3,-1.113E-3
2.077E-9,1.800,1.800,910.7E-3,-330.1E-6,-1.054E-3
2.078E-9,1.800,1.800,909.3E-3,84.79E-6,-1.042E-3
2.078E-9,1.800,1.800,906.5E-3,917.7E-6,-1.018E-3
2.078E-9,1.800,1.800,904.0E-3,1.645E-3,-996.4E-6
2.078E-9,1.800,1.800,903.4E-3,1.797E-3,-991.6E-6
2.078E-9,1.800,1.800,902.3E-3,2.099E-3,-982.2E-6
2.078E-9,1.800,1.800,901.1E-3,2.443E-3,-971.6E-6
2.078E-9,1.800,1.800,898.7E-3,3.124E-3,-951.0E-6
2.078E-9,1.800,1.800,898.0E-3,3.306E-3,-945.6E-6
2.078E-9,1.800,1.800,896.7E-3,3.67E-3,-934.8E-6
2.078E-9,1.800,1.800,894.2E-3,4.405E-3,-913.3E-6
2.078E-9,1.800,1.800,893.1E-3,4.717E-3,-904.2E-6
2.078E-9,1.800,1.800,891.0E-3,5.344E-3,-886.2E-6
2.079E-9,1.800,1.800,886.7E-3,6.607E-3,-850.4E-6
2.079E-9,1.800,1.800,878.3E-3,9.168E-3,-780.1E-6
2.079E-9,1.800,1.800,875.5E-3,10.04E-3,-756.9E-6
2.08E-9,1.800,1.800,870.0E-3,11.79E-3,-711.0E-6
2.08E-9,1.800,1.800,859.0E-3,15.35E-3,-621.8E-6
2.081E-9,1.800,1.800,838.8E-3,22.23E-3,-463.5E-6
2.082E-9,1.800,1.800,830.9E-3,25.03E-3,-404.0E-6
2.083E-9,1.800,1.800,815.5E-3,30.74E-3,-291.0E-6
2.085E-9,1.800,1.800,785.8E-3,42.48E-3,-90.15E-6
2.085E-9,1.800,1.800,778.6E-3,45.45E-3,-45.56E-6
2.086E-9,1.800,1.800,764.6E-3,51.43E-3,37.77E-6
2.088E-9,1.800,1.800,739.6E-3,62.57E-3,165.9E-6
2.089E-9,1.800,1.800,714.8E-3,74.11E-3,275.8E-6
2.09E-9,1.800,1.800,708.7E-3,77.05E-3,300.5E-6
2.091E-9,1.800,1.800,696.6E-3,82.89E-3,345.8E-6
2.092E-9,1.800,1.800,674.4E-3,93.65E-3,417.8E-6
2.094E-9,1.800,1.800,652.1E-3,104.4E-3,476.2E-6
2.095E-9,1.800,1.800,646.6E-3,107.1E-3,488.3E-6
2.096E-9,1.800,1.800,635.7E-3,112.2E-3,509.5E-6
2.097E-9,1.800,1.800,614.6E-3,121.7E-3,541.4E-6
2.098E-9,1.800,1.800,609.0E-3,124.1E-3,547.8E-6
2.099E-9,1.800,1.800,598.0E-3,128.6E-3,558.0E-6
2.101E-9,1.800,1.800,576.5E-3,136.5E-3,569.3E-6
2.103E-9,1.800,1.800,552.5E-3,143.5E-3,569.8E-6
2.104E-9,1.800,1.800,546.1E-3,145.1E-3,567.8E-6
2.105E-9,1.800,1.800,533.5E-3,147.5E-3,561.7E-6
2.107E-9,1.800,1.800,509.0E-3,150.2E-3,543.2E-6
2.111E-9,1.800,1.800,476.4E-3,149.2E-3,508.7E-6
2.111E-9,1.800,1.800,469.2E-3,148.2E-3,499.9E-6
2.113E-9,1.800,1.800,455.2E-3,145.5E-3,482.3E-6
2.115E-9,1.800,1.800,435.8E-3,140.1E-3,457.8E-6
2.116E-9,1.800,1.800,431.1E-3,138.5E-3,452.0E-6
2.117E-9,1.800,1.800,422.0E-3,135.1E-3,440.9E-6
2.119E-9,1.800,1.800,406.3E-3,128.4E-3,422.4E-6
2.121E-9,1.800,1.800,389.6E-3,120.3E-3,404.0E-6
2.122E-9,1.800,1.800,385.5E-3,118.1E-3,399.7E-6
2.123E-9,1.800,1.800,377.3E-3,113.6E-3,391.5E-6
2.125E-9,1.800,1.800,361.8E-3,104.7E-3,376.5E-6
2.127E-9,1.800,1.800,346.2E-3,95.16E-3,362.1E-6
2.128E-9,1.800,1.800,342.2E-3,92.64E-3,358.5E-6
2.129E-9,1.800,1.800,334.3E-3,87.65E-3,351.7E-6
2.132E-9,1.800,1.800,319.3E-3,78.13E-3,338.7E-6
2.132E-9,1.800,1.800,315.2E-3,75.54E-3,335.2E-6
2.134E-9,1.800,1.800,307.3E-3,70.51E-3,328.4E-6
2.137E-9,1.800,1.800,292.2E-3,61.16E-3,315.2E-6
2.14E-9,1.800,1.800,276.5E-3,51.88E-3,300.9E-6
2.141E-9,1.800,1.800,272.7E-3,49.71E-3,297.3E-6
2.142E-9,1.800,1.800,265.3E-3,45.62E-3,290.3E-6
2.145E-9,1.800,1.800,251.5E-3,38.37E-3,275.9E-6
2.149E-9,1.800,1.800,236.6E-3,31.37E-3,258.3E-6
2.15E-9,1.800,1.800,232.9E-3,29.75E-3,253.4E-6
2.152E-9,1.800,1.800,225.7E-3,26.81E-3,243.4E-6
2.156E-9,1.800,1.800,212.3E-3,21.99E-3,222.7E-6
2.157E-9,1.800,1.800,208.7E-3,20.84E-3,216.8E-6
2.159E-9,1.800,1.800,201.6E-3,18.83E-3,204.4E-6
2.163E-9,1.800,1.800,192.6E-3,16.61E-3,187.0E-6
2.166E-9,1.800,1.800,183.5E-3,14.73E-3,168.8E-6
2.167E-9,1.800,1.800,180.7E-3,14.22E-3,163.1E-6
2.169E-9,1.800,1.800,175.2E-3,13.31E-3,152.3E-6
2.173E-9,1.800,1.800,164.8E-3,11.79E-3,133.3E-6
2.178E-9,1.800,1.800,154.3E-3,10.49E-3,116.3E-6
2.18E-9,1.800,1.800,151.3E-3,10.15E-3,111.8E-6
2.182E-9,1.800,1.800,145.3E-3,9.513E-3,103.5E-6
2.188E-9,1.800,1.800,134.1E-3,8.386E-3,89.92E-6
2.19E-9,1.800,1.800,130.6E-3,8.059E-3,86.34E-6
2.194E-9,1.800,1.800,124.0E-3,7.447E-3,80.11E-6
2.201E-9,1.800,1.800,111.6E-3,6.358E-3,70.67E-6
2.203E-9,1.800,1.800,108.6E-3,6.101E-3,68.79E-6
2.207E-9,1.800,1.800,102.6E-3,5.618E-3,65.57E-6
2.215E-9,1.800,1.800,91.66E-3,4.759E-3,60.73E-6
2.217E-9,1.800,1.800,88.76E-3,4.542E-3,59.71E-6
2.222E-9,1.800,1.800,83.2E-3,4.137E-3,57.95E-6
2.231E-9,1.800,1.800,72.97E-3,3.429E-3,55.17E-6
2.234E-9,1.800,1.800,68.81E-3,3.156E-3,54.18E-6
2.242E-9,1.800,1.800,61.1E-3,2.672E-3,52.43E-6
2.258E-9,1.800,1.800,47.89E-3,1.908E-3,49.32E-6
2.269E-9,1.800,1.800,39.99E-3,1.495E-3,47.25E-6
2.272E-9,1.800,1.800,38.25E-3,1.41E-3,46.76E-6
2.278E-9,1.800,1.800,34.96E-3,1.255E-3,45.79E-6
2.289E-9,1.800,1.800,29.15E-3,992.8E-6,43.86E-6
2.301E-9,1.800,1.800,23.79E-3,766.9E-6,41.85E-6
2.304E-9,1.800,1.800,22.49E-3,715.3E-6,41.32E-6
2.311E-9,1.800,1.800,20.1E-3,622.8E-6,40.30E-6
2.325E-9,1.800,1.800,16.01E-3,471.7E-6,38.41E-6
2.328E-9,1.800,1.800,15.0E-3,436.4E-6,37.92E-6
2.336E-9,1.800,1.800,13.17E-3,373.6E-6,36.98E-6
2.351E-9,1.800,1.800,10.11E-3,273.5E-6,35.31E-6
2.369E-9,1.800,1.800,7.33E-3,188.0E-6,33.65E-6
2.375E-9,1.800,1.800,6.684E-3,169.3E-6,33.24E-6
2.385E-9,1.800,1.800,5.556E-3,137.4E-6,32.49E-6
2.406E-9,1.800,1.800,3.807E-3,90.08E-6,31.23E-6
2.433E-9,1.800,1.800,2.312E-3,51.75E-6,30.02E-6
2.441E-9,1.800,1.800,1.992E-3,44.06E-6,29.72E-6
2.457E-9,1.800,1.800,1.48E-3,32.02E-6,29.19E-6
2.489E-9,1.800,1.800,792.8E-6,16.4E-6,28.35E-6
2.501E-9,1.800,1.800,633.4E-6,12.92E-6,28.1E-6
2.524E-9,1.800,1.800,402.7E-6,7.989E-6,27.65E-6
2.572E-9,1.800,1.800,144.1E-6,2.576E-6,26.91E-6
2.654E-9,1.800,1.800,-15.96E-6,-679.0E-9,25.84E-6
2.679E-9,1.800,1.800,-18.52E-6,-725.4E-9,25.56E-6
2.729E-9,1.800,1.800,-13.22E-6,-563.9E-9,25.02E-6
2.829E-9,1.800,1.800,-4.019E-6,-341.6E-9,24.01E-6
2.929E-9,1.800,1.800,-198.8E-9,-273.1E-9,23.07E-6
2.954E-9,1.800,1.800,79.5E-9,-271.5E-9,22.84E-6
3.004E-9,1.800,1.800,323.0E-9,-270.8E-9,22.41E-6
3.104E-9,1.800,1.800,430.2E-9,-269.8E-9,21.58E-6
3.129E-9,1.800,1.800,412.2E-9,-269.6E-9,21.39E-6
3.179E-9,1.800,1.800,382.8E-9,-269.5E-9,21.0E-6
3.279E-9,1.800,1.800,358.8E-9,-269.1E-9,20.27E-6
3.379E-9,1.800,1.800,355.8E-9,-268.4E-9,19.59E-6
3.404E-9,1.800,1.800,357.0E-9,-268.3E-9,19.43E-6
3.454E-9,1.800,1.800,359.0E-9,-267.9E-9,19.11E-6
3.554E-9,1.800,1.800,361.4E-9,-267.2E-9,18.5E-6
3.654E-9,1.800,1.800,362.8E-9,-266.6E-9,17.93E-6
3.679E-9,1.800,1.800,363.1E-9,-266.5E-9,17.79E-6
3.729E-9,1.800,1.800,363.6E-9,-266.2E-9,17.52E-6
3.829E-9,1.800,1.800,364.5E-9,-265.6E-9,17.01E-6
3.854E-9,1.800,1.800,364.7E-9,-265.5E-9,16.88E-6
3.904E-9,1.800,1.800,365.2E-9,-265.2E-9,16.64E-6
4.004E-9,1.800,1.800,366.0E-9,-264.7E-9,16.17E-6
4.104E-9,1.800,1.800,366.7E-9,-264.2E-9,15.73E-6
4.129E-9,1.800,1.800,366.9E-9,-264.1E-9,15.63E-6
4.179E-9,1.800,1.800,367.2E-9,-263.8E-9,15.42E-6
4.279E-9,1.800,1.800,367.8E-9,-263.3E-9,15.01E-6
4.379E-9,1.800,1.800,368.3E-9,-262.9E-9,14.63E-6
4.404E-9,1.800,1.800,368.4E-9,-262.8E-9,14.54E-6
4.454E-9,1.800,1.800,368.6E-9,-262.6E-9,14.36E-6
4.554E-9,1.800,1.800,369.0E-9,-262.1E-9,14.01E-6
4.579E-9,1.800,1.800,369.1E-9,-262.0E-9,13.92E-6
4.629E-9,1.800,1.800,369.3E-9,-261.8E-9,13.76E-6
4.729E-9,1.800,1.800,369.6E-9,-261.4E-9,13.43E-6
4.829E-9,1.800,1.800,369.9E-9,-261.0E-9,13.12E-6
4.854E-9,1.800,1.800,370.0E-9,-260.9E-9,13.05E-6
4.904E-9,1.800,1.800,370.1E-9,-260.7E-9,12.9E-6
5.0E-9,1.800,1.800,370.3E-9,-260.4E-9,12.63E-6
5.0E-9,1.800,1.744,-106.2E-6,-66.02E-6,-1.066E-3
5.001E-9,1.800,1.695,-203.9E-6,-128.2E-6,-2.33E-3
5.001E-9,1.800,1.690,-214.0E-6,-134.5E-6,-2.466E-3
5.001E-9,1.800,1.681,-235.2E-6,-147.3E-6,-2.746E-3
5.001E-9,1.800,1.662,-281.1E-6,-174.5E-6,-3.331E-3
5.001E-9,1.800,1.643,-331.9E-6,-204.2E-6,-3.955E-3
5.001E-9,1.800,1.637,-347.3E-6,-213.2E-6,-4.14E-3
5.001E-9,1.800,1.626,-378.9E-6,-231.5E-6,-4.511E-3
5.001E-9,1.800,1.604,-444.7E-6,-269.5E-6,-5.257E-3
5.001E-9,1.800,1.570,-550.8E-6,-330.7E-6,-6.389E-3
5.001E-9,1.800,1.560,-583.6E-6,-349.6E-6,-6.723E-3
5.001E-9,1.800,1.540,-650.2E-6,-387.8E-6,-7.381E-3
5.002E-9,1.800,1.499,-785.7E-6,-465.4E-6,-8.649E-3
5.002E-9,1.800,1.487,-825.6E-6,-488.2E-6,-9.004E-3
5.002E-9,1.800,1.464,-905.6E-6,-533.7E-6,-9.697E-3
5.002E-9,1.800,1.417,-1.066E-3,-624.1E-6,-11.0E-3
5.002E-9,1.800,1.357,-1.266E-3,-735.8E-6,-12.51E-3
5.003E-9,1.800,1.340,-1.323E-3,-767.5E-6,-12.92E-3
5.003E-9,1.800,1.305,-1.437E-3,-829.9E-6,-13.69E-3
5.003E-9,1.800,1.236,-1.660E-3,-949.8E-6,-15.07E-3
5.004E-9,1.800,1.139,-1.957E-3,-1.106E-3,-16.66E-3
5.004E-9,1.800,1.111,-2.04E-3,-1.149E-3,-17.04E-3
5.004E-9,1.800,1.056,-2.2E-3,-1.23E-3,-17.72E-3
5.005E-9,1.800,959.4E-3,-2.464E-3,-1.358E-3,-18.64E-3
5.005E-9,1.800,933.3E-3,-2.532E-3,-1.390E-3,-18.83E-3
5.005E-9,1.800,881.0E-3,-2.664E-3,-1.45E-3,-19.15E-3
5.006E-9,1.800,805.8E-3,-2.843E-3,-1.529E-3,-19.44E-3
5.006E-9,1.800,741.2E-3,-2.989E-3,-1.59E-3,-19.53E-3
5.006E-9,1.800,723.1E-3,-3.028E-3,-1.607E-3,-19.53E-3
5.006E-9,1.800,686.8E-3,-3.106E-3,-1.638E-3,-19.49E-3
5.007E-9,1.800,614.1E-3,-3.255E-3,-1.699E-3,-19.3E-3
5.007E-9,1.800,531.5E-3,-3.417E-3,-1.765E-3,-18.89E-3
5.007E-9,1.800,516.8E-3,-3.446E-3,-1.777E-3,-18.8E-3
5.007E-9,1.800,490.5E-3,-3.497E-3,-1.798E-3,-18.62E-3
5.008E-9,1.800,438.0E-3,-3.598E-3,-1.841E-3,-18.23E-3
5.008E-9,1.800,426.6E-3,-3.62E-3,-1.851E-3,-18.14E-3
5.008E-9,1.800,403.9E-3,-3.664E-3,-1.87E-3,-17.95E-3
5.008E-9,1.800,374.3E-3,-3.722E-3,-1.895E-3,-17.69E-3
5.008E-9,1.800,343.9E-3,-3.781E-3,-1.921E-3,-17.42E-3
5.008E-9,1.800,335.4E-3,-3.797E-3,-1.928E-3,-17.34E-3
5.008E-9,1.800,318.4E-3,-3.83E-3,-1.943E-3,-17.19E-3
5.008E-9,1.800,285.5E-3,-3.894E-3,-1.97E-3,-16.89E-3
5.009E-9,1.800,245.0E-3,-3.973E-3,-2.003E-3,-16.51E-3
5.009E-9,1.800,234.1E-3,-3.994E-3,-2.012E-3,-16.4E-3
5.009E-9,1.800,212.5E-3,-4.036E-3,-2.029E-3,-16.18E-3
5.009E-9,1.800,179.3E-3,-4.099E-3,-2.056E-3,-15.79E-3
5.009E-9,1.800,171.1E-3,-4.115E-3,-2.062E-3,-15.69E-3
5.009E-9,1.800,154.7E-3,-4.145E-3,-2.075E-3,-15.47E-3
5.009E-9,1.800,127.7E-3,-4.195E-3,-2.097E-3,-15.07E-3
5.009E-9,1.800,98.77E-3,-4.245E-3,-2.119E-3,-14.56E-3
5.009E-9,1.800,91.49E-3,-4.258E-3,-2.125E-3,-14.42E-3
5.01E-9,1.800,76.95E-3,-4.281E-3,-2.136E-3,-14.12E-3
5.01E-9,1.800,48.62E-3,-4.325E-3,-2.157E-3,-13.46E-3
5.01E-9,1.800,24.31E-3,-4.36E-3,-2.175E-3,-12.83E-3
5.01E-9,1.800,18.23E-3,-4.368E-3,-2.179E-3,-12.66E-3
5.01E-9,1.800,9.115E-3,-4.38E-3,-2.185E-3,-12.4E-3
5.01E-9,1.800,0.00000,-4.391E-3,-2.191E-3,-12.13E-3
5.01E-9,1.800,0.00000,-4.381E-3,-2.189E-3,-12.07E-3
5.01E-9,1.800,0.00000,-4.377E-3,-2.187E-3,-12.02E-3
5.01E-9,1.800,0.00000,-4.375E-3,-2.187E-3,-11.97E-3
5.01E-9,1.800,0.00000,-4.374E-3,-2.186E-3,-11.95E-3
5.01E-9,1.800,0.00000,-4.374E-3,-2.186E-3,-11.92E-3
5.01E-9,1.800,0.00000,-4.373E-3,-2.185E-3,-11.85E-3
5.01E-9,1.800,0.00000,-4.373E-3,-2.184E-3,-11.75E-3
5.01E-9,1.800,0.00000,-4.373E-3,-2.183E-3,-11.72E-3
5.01E-9,1.800,0.00000,-4.373E-3,-2.183E-3,-11.65E-3
5.01E-9,1.800,0.00000,-4.374E-3,-2.182E-3,-11.52E-3
5.01E-9,1.800,0.00000,-4.374E-3,-2.181E-3,-11.46E-3
5.01E-9,1.800,0.00000,-4.375E-3,-2.18E-3,-11.34E-3
5.01E-9,1.800,0.00000,-4.375E-3,-2.178E-3,-11.09E-3
5.01E-9,1.800,0.00000,-4.375E-3,-2.175E-3,-10.71E-3
5.01E-9,1.800,0.00000,-4.375E-3,-2.174E-3,-10.6E-3
5.01E-9,1.800,0.00000,-4.375E-3,-2.172E-3,-10.38E-3
5.01E-9,1.800,0.00000,-4.372E-3,-2.167E-3,-9.93E-3
5.01E-9,1.800,0.00000,-4.367E-3,-2.162E-3,-9.396E-3
5.01E-9,1.800,0.00000,-4.365E-3,-2.16E-3,-9.241E-3
5.01E-9,1.800,0.00000,-4.36E-3,-2.156E-3,-8.926E-3
5.01E-9,1.800,0.00000,-4.350E-3,-2.147E-3,-8.281E-3
5.01E-9,1.800,0.00000,-4.346E-3,-2.144E-3,-8.068E-3
5.011E-9,1.800,0.00000,-4.338E-3,-2.137E-3,-7.637E-3
5.011E-9,1.800,0.00000,-4.318E-3,-2.122E-3,-6.764E-3
5.011E-9,1.800,0.00000,-4.284E-3,-2.097E-3,-5.489E-3
5.011E-9,1.800,0.00000,-4.273E-3,-2.088E-3,-5.094E-3
5.011E-9,1.800,0.00000,-4.248E-3,-2.07E-3,-4.304E-3
5.011E-9,1.800,0.00000,-4.194E-3,-2.030E-3,-2.734E-3
5.011E-9,1.800,0.00000,-4.118E-3,-1.974E-3,-792.8E-6
5.011E-9,1.800,0.00000,-4.095E-3,-1.957E-3,-227.6E-6
5.011E-9,1.800,0.00000,-4.046E-3,-1.921E-3,889.5E-6
5.012E-9,1.800,0.00000,-3.946E-3,-1.846E-3,3.064E-3
5.012E-9,1.800,0.00000,-3.911E-3,-1.821E-3,3.768E-3
5.012E-9,1.800,0.00000,-3.875E-3,-1.793E-3,4.485E-3
5.012E-9,1.800,0.00000,-3.844E-3,-1.769E-3,5.081E-3
5.012E-9,1.800,0.00000,-3.837E-3,-1.762E-3,5.227E-3
5.012E-9,1.800,0.00000,-3.821E-3,-1.75E-3,5.518E-3
5.012E-9,1.800,0.00000,-3.791E-3,-1.726E-3,6.098E-3
5.012E-9,1.800,0.00000,-3.748E-3,-1.692E-3,6.891E-3
5.012E-9,1.800,0.00000,-3.734E-3,-1.682E-3,7.133E-3
5.012E-9,1.800,0.00000,-3.707E-3,-1.661E-3,7.613E-3
5.012E-9,1.800,0.00000,-3.653E-3,-1.619E-3,8.558E-3
5.012E-9,1.800,0.00000,-3.63E-3,-1.601E-3,8.948E-3
5.012E-9,1.800,0.00000,-3.583E-3,-1.566E-3,9.718E-3
5.013E-9,1.800,0.00000,-3.491E-3,-1.496E-3,11.21E-3
5.013E-9,1.800,0.00000,-3.322E-3,-1.371E-3,13.78E-3
5.013E-9,1.800,0.00000,-3.266E-3,-1.329E-3,14.59E-3
5.013E-9,1.800,0.00000,-3.154E-3,-1.248E-3,16.16E-3
5.014E-9,1.800,0.00000,-2.937E-3,-1.09E-3,19.04E-3
5.014E-9,1.800,0.00000,-2.668E-3,-902.6E-6,22.26E-3
5.015E-9,1.800,0.00000,-2.582E-3,-853.3E-6,23.06E-3
5.015E-9,1.800,0.00000,-2.419E-3,-758.7E-6,24.55E-3
5.015E-9,1.800,0.00000,-2.216E-3,-635.2E-6,26.44E-3
5.015E-9,1.800,0.00000,-2.162E-3,-601.3E-6,26.94E-3
5.016E-9,1.800,0.00000,-2.084E-3,-552.0E-6,27.66E-3
5.016E-9,1.800,0.00000,-2.013E-3,-507.4E-6,28.3E-3
5.016E-9,1.800,0.00000,-1.998E-3,-498.0E-6,28.44E-3
5.016E-9,1.800,0.00000,-1.969E-3,-479.5E-6,28.7E-3
5.016E-9,1.800,0.00000,-1.910E-3,-443.2E-6,29.22E-3
5.016E-9,1.800,0.00000,-1.82E-3,-388.4E-6,29.98E-3
5.016E-9,1.800,0.00000,-1.785E-3,-367.0E-6,30.27E-3
5.017E-9,1.800,0.00000,-1.714E-3,-325.1E-6,30.83E-3
5.017E-9,1.800,0.00000,-1.571E-3,-244.5E-6,31.87E-3
5.017E-9,1.800,0.00000,-1.503E-3,-205.9E-6,32.34E-3
5.018E-9,1.800,0.00000,-1.373E-3,-132.4E-6,33.2E-3
5.019E-9,1.800,0.00000,-1.130E-3,1.586E-6,34.63E-3
5.019E-9,1.800,0.00000,-877.2E-6,129.9E-6,35.83E-3
5.020E-9,1.800,0.00000,-814.4E-6,159.3E-6,36.08E-3
5.020E-9,1.800,0.00000,-691.0E-6,216.4E-6,36.52E-3
5.021E-9,1.800,0.00000,-453.7E-6,323.6E-6,37.16E-3
5.022E-9,1.800,0.00000,-194.9E-6,437.9E-6,37.59E-3
5.022E-9,1.800,0.00000,-139.1E-6,462.2E-6,37.65E-3
5.023E-9,1.800,0.00000,-37.34E-6,506.5E-6,37.75E-3
5.023E-9,1.800,0.00000,123.8E-6,576.7E-6,37.84E-3
5.024E-9,1.800,0.00000,186.1E-6,603.9E-6,37.87E-3
5.024E-9,1.800,0.00000,313.0E-6,659.3E-6,37.91E-3
5.025E-9,1.800,0.00000,511.4E-6,746.2E-6,37.97E-3
5.026E-9,1.800,0.00000,753.8E-6,851.1E-6,38.07E-3
5.026E-9,1.800,0.00000,812.2E-6,876.1E-6,38.1E-3
5.026E-9,1.800,0.00000,931.1E-6,927.0E-6,38.19E-3
5.027E-9,1.800,0.00000,1.179E-3,1.032E-3,38.42E-3
5.028E-9,1.800,0.00000,1.53E-3,1.178E-3,38.79E-3
5.028E-9,1.800,0.00000,1.628E-3,1.218E-3,38.89E-3
5.029E-9,1.800,0.00000,1.826E-3,1.299E-3,39.08E-3
5.029E-9,1.800,0.00000,2.082E-3,1.403E-3,39.26E-3
5.03E-9,1.800,0.00000,2.171E-3,1.438E-3,39.30E-3
5.03E-9,1.800,0.00000,2.35E-3,1.51E-3,39.35E-3
5.031E-9,1.800,0.00000,2.711E-3,1.651E-3,39.29E-3
5.033E-9,1.800,0.00000,3.269E-3,1.862E-3,38.83E-3
5.033E-9,1.800,0.00000,3.484E-3,1.94E-3,38.53E-3
5.034E-9,1.800,0.00000,3.914E-3,2.091E-3,37.76E-3
5.036E-9,1.800,0.00000,4.4E-3,2.253E-3,36.68E-3
5.037E-9,1.800,0.00000,4.933E-3,2.419E-3,35.30E-3
5.037E-9,1.800,0.00000,5.078E-3,2.462E-3,34.89E-3
5.038E-9,1.800,0.00000,5.365E-3,2.544E-3,34.05E-3
5.04E-9,1.800,0.00000,5.916E-3,2.692E-3,32.33E-3
5.04E-9,1.800,0.00000,6.083E-3,2.734E-3,31.77E-3
5.041E-9,1.800,0.00000,6.414E-3,2.814E-3,30.64E-3
5.043E-9,1.800,0.00000,7.052E-3,2.955E-3,28.32E-3
5.045E-9,1.800,0.00000,7.764E-3,3.092E-3,25.51E-3
5.046E-9,1.800,0.00000,7.934E-3,3.121E-3,24.81E-3
5.047E-9,1.800,0.00000,8.267E-3,3.174E-3,23.41E-3
5.048E-9,1.800,0.00000,8.735E-3,3.241E-3,21.42E-3
5.05E-9,1.800,0.00000,9.251E-3,3.303E-3,19.27E-3
5.051E-9,1.800,0.00000,9.393E-3,3.318E-3,18.69E-3
5.052E-9,1.800,0.00000,9.672E-3,3.345E-3,17.59E-3
5.054E-9,1.800,0.00000,10.20E-3,3.387E-3,15.57E-3
5.055E-9,1.800,0.00000,10.39E-3,3.4E-3,14.88E-3
5.056E-9,1.800,0.00000,10.76E-3,3.419E-3,13.6E-3
5.060E-9,1.800,0.00000,11.45E-3,3.44E-3,11.36E-3
5.063E-9,1.800,0.00000,12.04E-3,3.441E-3,9.58E-3
5.063E-9,1.800,0.00000,12.20E-3,3.439E-3,9.138E-3
5.065E-9,1.800,0.00000,12.5E-3,3.431E-3,8.315E-3
5.068E-9,1.800,0.00000,13.01E-3,3.409E-3,7.031E-3
5.072E-9,1.800,0.00000,13.54E-3,3.366E-3,5.772E-3
5.073E-9,1.800,0.00000,13.69E-3,3.348E-3,5.424E-3
5.075E-9,1.800,0.00000,13.99E-3,3.303E-3,4.789E-3
5.08E-9,1.800,0.00000,14.51E-3,3.175E-3,3.734E-3
5.081E-9,1.800,0.00000,14.63E-3,3.135E-3,3.508E-3
5.083E-9,1.800,0.00000,14.84E-3,3.049E-3,3.119E-3
5.086E-9,1.800,0.00000,15.12E-3,2.894E-3,2.609E-3
5.089E-9,1.800,0.00000,15.34E-3,2.727E-3,2.177E-3
5.09E-9,1.800,0.00000,15.39E-3,2.687E-3,2.075E-3
5.091E-9,1.800,0.00000,15.47E-3,2.619E-3,1.885E-3
5.094E-9,1.800,0.00000,15.53E-3,2.558E-3,1.602E-3
5.097E-9,1.800,0.00000,15.48E-3,2.62E-3,1.341E-3
5.098E-9,1.800,0.00000,15.44E-3,2.668E-3,1.276E-3
5.100E-9,1.800,0.00000,15.32E-3,2.802E-3,1.155E-3
5.103E-9,1.800,0.00000,14.95E-3,3.126E-3,968.8E-6
5.104E-9,1.800,0.00000,14.8E-3,3.238E-3,919.3E-6
5.105E-9,1.800,0.00000,14.47E-3,3.483E-3,827.5E-6
5.108E-9,1.800,0.00000,13.67E-3,3.912E-3,690.2E-6
5.112E-9,1.800,0.00000,12.43E-3,4.262E-3,560.4E-6
5.112E-9,1.800,0.00000,12.1E-3,4.298E-3,534.4E-6
5.114E-9,1.800,0.00000,11.37E-3,4.388E-3,485.7E-6
5.116E-9,1.800,0.00000,10.19E-3,4.538E-3,422.7E-6
5.118E-9,1.800,0.00000,8.613E-3,4.731E-3,358.6E-6
5.119E-9,1.800,0.00000,8.002E-3,4.8E-3,338.3E-6
5.121E-9,1.800,0.00000,6.699E-3,4.933E-3,300.6E-6
5.125E-9,1.800,0.00000,3.775E-3,5.16E-3,236.0E-6
5.125E-9,1.800,0.00000,2.974E-3,5.205E-3,221.8E-6
5.127E-9,1.800,0.00000,1.302E-3,5.277E-3,195.9E-6
5.13E-9,1.800,0.00000,-1.955E-3,5.332E-3,156.0E-6
5.131E-9,1.800,0.00000,-2.356E-3,5.331E-3,152.0E-6
5.132E-9,1.800,0.00000,-3.162E-3,5.325E-3,144.3E-6
5.133E-9,1.800,0.00000,-4.757E-3,5.301E-3,131.3E-6
5.134E-9,1.800,0.00000,-6.002E-3,5.269E-3,123.2E-6
5.135E-9,1.800,0.00000,-6.307E-3,5.259E-3,121.4E-6
5.135E-9,1.800,0.00000,-6.912E-3,5.236E-3,118.1E-6
5.136E-9,1.800,0.00000,-7.837E-3,5.192E-3,113.2E-6
5.137E-9,1.800,0.00000,-8.292E-3,5.167E-3,110.9E-6
5.138E-9,1.800,0.00000,-9.191E-3,5.11E-3,106.7E-6
5.139E-9,1.800,0.00000,-10.72E-3,4.996E-3,100.3E-6
5.141E-9,1.800,0.00000,-12.21E-3,4.86E-3,94.75E-6
5.141E-9,1.800,0.00000,-12.59E-3,4.822E-3,93.42E-6
5.142E-9,1.800,0.00000,-13.33E-3,4.744E-3,90.87E-6
5.144E-9,1.800,0.00000,-14.52E-3,4.606E-3,86.95E-6
5.145E-9,1.800,0.00000,-15.89E-3,4.43E-3,82.51E-6
5.146E-9,1.800,0.00000,-16.32E-3,4.371E-3,81.14E-6
5.147E-9,1.800,0.00000,-17.18E-3,4.249E-3,78.39E-6
5.149E-9,1.800,0.00000,-18.91E-3,3.984E-3,72.78E-6
5.149E-9,1.800,0.00000,-19.51E-3,3.886E-3,70.81E-6
5.151E-9,1.800,0.00000,-20.72E-3,3.681E-3,66.79E-6
5.153E-9,1.800,0.00000,-23.22E-3,3.229E-3,58.37E-6
5.157E-9,1.800,0.00000,-26.74E-3,2.542E-3,46.61E-6
5.158E-9,1.800,0.00000,-27.7E-3,2.346E-3,43.4E-6
5.159E-9,1.800,0.00000,-29.71E-3,1.931E-3,36.76E-6
5.163E-9,1.800,0.00000,-33.56E-3,1.115E-3,24.73E-6
5.166E-9,1.800,0.00000,-38.08E-3,135.9E-6,12.01E-6
5.167E-9,1.800,0.00000,-39.46E-3,-166.6E-6,8.384E-6
5.169E-9,1.800,0.00000,-42.33E-3,-803.5E-6,1.377E-6
5.172E-9,1.800,0.00000,-48.27E-3,-2.177E-3,-11.09E-6
5.173E-9,1.800,0.00000,-49.98E-3,-2.578E-3,-14.35E-6
5.175E-9,1.800,0.00000,-53.49E-3,-3.398E-3,-20.61E-6
5.179E-9,1.800,0.00000,-60.88E-3,-5.099E-3,-31.66E-6
5.184E-9,1.800,0.00000,-70.08E-3,-7.026E-3,-41.62E-6
5.185E-9,1.800,0.00000,-72.07E-3,-7.394E-3,-43.26E-6
5.187E-9,1.800,0.00000,-76.10E-3,-8.044E-3,-45.95E-6
5.191E-9,1.800,0.00000,-84.12E-3,-8.799E-3,-49.57E-6
5.195E-9,1.800,0.00000,-91.52E-3,-8.657E-3,-51.62E-6
5.196E-9,1.800,0.00000,-93.48E-3,-8.474E-3,-52.03E-6
5.198E-9,1.800,0.00000,-97.42E-3,-7.878E-3,-52.74E-6
5.201E-9,1.800,0.00000,-104.9E-3,-5.748E-3,-53.65E-6
5.202E-9,1.800,0.00000,-106.8E-3,-4.958E-3,-53.73E-6
5.204E-9,1.800,0.00000,-110.7E-3,-3.043E-3,-53.5E-6
5.206E-9,1.800,0.00000,-115.2E-3,-147.1E-6,-52.44E-6
5.207E-9,1.800,0.00000,-116.2E-3,605.1E-6,-52.06E-6
5.208E-9,1.800,0.00000,-117.9E-3,1.924E-3,-51.30E-6
5.209E-9,1.800,0.00000,-119.4E-3,3.324E-3,-50.36E-6
5.209E-9,1.800,0.00000,-121.0E-3,4.849E-3,-49.2E-6
5.21E-9,1.800,0.00000,-121.6E-3,5.489E-3,-48.69E-6
5.21E-9,1.800,0.00000,-122.8E-3,6.815E-3,-47.64E-6
5.212E-9,1.800,0.00000,-125.1E-3,9.758E-3,-45.34E-6
5.212E-9,1.800,0.00000,-125.6E-3,10.5E-3,-44.76E-6
5.213E-9,1.800,0.00000,-126.7E-3,12.06E-3,-43.55E-6
5.214E-9,1.800,0.00000,-128.7E-3,15.48E-3,-40.95E-6
5.216E-9,1.800,0.00000,-132.1E-3,22.85E-3,-35.72E-6
5.217E-9,1.800,0.00000,-132.9E-3,24.92E-3,-34.34E-6
5.218E-9,1.800,0.00000,-134.5E-3,29.44E-3,-31.44E-6
5.22E-9,1.800,0.00000,-137.0E-3,38.61E-3,-25.74E-6
5.221E-9,1.800,0.00000,-138.9E-3,48.36E-3,-20.01E-6
5.222E-9,1.800,0.00000,-139.3E-3,50.58E-3,-18.76E-6
5.222E-9,1.800,0.00000,-140.0E-3,55.34E-3,-16.11E-6
5.223E-9,1.800,0.00000,-140.8E-3,61.76E-3,-12.62E-6
5.223E-9,1.800,0.00000,-141.2E-3,64.83E-3,-10.98E-6
5.224E-9,1.800,0.00000,-141.9E-3,71.33E-3,-7.55E-6
5.225E-9,1.800,0.00000,-143.0E-3,82.55E-3,-1.92E-6
5.226E-9,1.800,0.00000,-143.9E-3,93.86E-3,3.281E-6
5.226E-9,1.800,0.00000,-144.1E-3,96.53E-3,4.353E-6
5.227E-9,1.800,0.00000,-144.4E-3,102.0E-3,6.453E-6
5.228E-9,1.800,0.00000,-144.9E-3,109.6E-3,9.296E-6
5.229E-9,1.800,0.00000,-145.7E-3,125.3E-3,14.79E-6
5.229E-9,1.800,0.00000,-146.0E-3,131.0E-3,16.77E-6
5.23E-9,1.800,0.00000,-146.4E-3,142.9E-3,20.97E-6
5.231E-9,1.800,0.00000,-146.8E-3,157.2E-3,26.52E-6
5.231E-9,1.800,0.00000,-146.9E-3,161.5E-3,28.3E-6
5.232E-9,1.800,0.00000,-147.0E-3,170.2E-3,32.17E-6
5.233E-9,1.800,0.00000,-147.0E-3,185.1E-3,39.58E-6
5.235E-9,1.800,0.00000,-146.6E-3,216.7E-3,57.18E-6
5.235E-9,1.800,0.00000,-146.4E-3,224.5E-3,61.89E-6
5.236E-9,1.800,0.00000,-145.9E-3,239.5E-3,71.0E-6
5.237E-9,1.800,0.00000,-145.2E-3,256.9E-3,81.34E-6
5.239E-9,1.800,0.00000,-143.7E-3,284.4E-3,96.65E-6
5.239E-9,1.800,0.00000,-143.2E-3,293.5E-3,101.4E-6
5.24E-9,1.800,0.00000,-142.0E-3,312.2E-3,110.4E-6
5.242E-9,1.800,0.00000,-139.4E-3,348.1E-3,124.9E-6
5.243E-9,1.800,0.00000,-138.5E-3,359.0E-3,128.5E-6
5.244E-9,1.800,0.00000,-136.7E-3,381.2E-3,134.9E-6
5.246E-9,1.800,0.00000,-132.7E-3,426.8E-3,143.7E-6
5.249E-9,1.800,0.00000,-127.2E-3,483.6E-3,147.4E-6
5.25E-9,1.800,0.00000,-125.7E-3,498.9E-3,147.1E-6
5.251E-9,1.800,0.00000,-122.6E-3,529.8E-3,145.0E-6
5.254E-9,1.800,0.00000,-116.1E-3,593.3E-3,135.3E-6
5.257E-9,1.800,0.00000,-109.0E-3,663.0E-3,118.6E-6
5.257E-9,1.800,0.00000,-107.3E-3,680.4E-3,113.5E-6
5.259E-9,1.800,0.00000,-103.8E-3,716.0E-3,102.3E-6
5.261E-9,1.800,0.00000,-97.75E-3,781.9E-3,79.87E-6
5.262E-9,1.800,0.00000,-96.22E-3,799.1E-3,73.75E-6
5.263E-9,1.800,0.00000,-93.21E-3,834.3E-3,61.29E-6
5.266E-9,1.800,0.00000,-87.33E-3,906.2E-3,37.02E-6
5.269E-9,1.800,0.00000,-81.27E-3,983.1E-3,14.09E-6
5.269E-9,1.800,0.00000,-79.98E-3,999.5E-3,9.676E-6
5.270E-9,1.800,0.00000,-77.44E-3,1.032,1.612E-6
5.273E-9,1.800,0.00000,-72.8E-3,1.087,-11.14E-6
5.275E-9,1.800,0.00000,-67.95E-3,1.141,-21.29E-6
5.276E-9,1.800,0.00000,-66.52E-3,1.156,-23.62E-6
5.277E-9,1.800,0.00000,-63.69E-3,1.183,-27.76E-6
5.28E-9,1.800,0.00000,-58.14E-3,1.233,-35.21E-6
5.281E-9,1.800,0.00000,-56.49E-3,1.247,-37.37E-6
5.282E-9,1.800,0.00000,-53.25E-3,1.274,-41.79E-6
5.285E-9,1.800,0.00000,-47.58E-3,1.318,-50.05E-6
5.289E-9,1.800,0.00000,-40.73E-3,1.369,-59.96E-6
5.291E-9,1.800,0.00000,-38.96E-3,1.382,-62.43E-6
5.293E-9,1.800,0.00000,-35.57E-3,1.407,-66.82E-6
5.297E-9,1.800,0.00000,-29.38E-3,1.451,-73.27E-6
5.303E-9,1.800,0.00000,-21.95E-3,1.504,-77.65E-6
5.305E-9,1.800,0.00000,-20.1E-3,1.517,-78.0E-6
5.309E-9,1.800,0.00000,-16.71E-3,1.542,-77.83E-6
5.316E-9,1.800,0.00000,-11.0E-3,1.585,-74.96E-6
5.318E-9,1.800,0.00000,-9.493E-3,1.597,-73.46E-6
5.322E-9,1.800,0.00000,-6.826E-3,1.619,-69.9E-6
5.331E-9,1.800,0.00000,-2.645E-3,1.656,-61.55E-6
5.333E-9,1.800,0.00000,-2.027E-3,1.662,-59.83E-6
5.336E-9,1.800,0.00000,-916.5E-6,1.673,-56.37E-6
5.342E-9,1.800,0.00000,872.9E-6,1.693,-49.54E-6
5.344E-9,1.800,0.00000,1.297E-3,1.698,-47.57E-6
5.348E-9,1.800,0.00000,2.029E-3,1.708,-43.73E-6
5.356E-9,1.800,0.00000,3.108E-3,1.724,-36.59E-6
5.359E-9,1.800,0.00000,3.435E-3,1.730,-33.73E-6
5.366E-9,1.800,0.00000,3.891E-3,1.741,-28.48E-6
5.379E-9,1.800,0.00000,4.246E-3,1.758,-19.89E-6
5.389E-9,1.800,0.00000,4.163E-3,1.767,-14.87E-6
5.392E-9,1.800,0.00000,4.102E-3,1.769,-13.79E-6
5.397E-9,1.800,0.00000,3.953E-3,1.773,-11.85E-6
5.407E-9,1.800,0.00000,3.592E-3,1.779,-8.686E-6
5.419E-9,1.800,0.00000,3.109E-3,1.784,-5.909E-6
5.423E-9,1.800,0.00000,2.961E-3,1.785,-5.281E-6
5.43E-9,1.800,0.00000,2.67E-3,1.787,-4.216E-6
5.444E-9,1.800,0.00000,2.127E-3,1.791,-2.659E-6
5.449E-9,1.800,0.00000,1.975E-3,1.791,-2.318E-6
5.457E-9,1.800,0.00000,1.69E-3,1.793,-1.765E-6
5.475E-9,1.800,0.00000,1.206E-3,1.795,-1.013E-6
5.496E-9,1.800,0.00000,756.2E-6,1.796,-508.0E-9
5.502E-9,1.800,0.00000,652.7E-6,1.796,-427.6E-9
5.514E-9,1.800,0.00000,475.5E-6,1.797,-311.5E-9
5.539E-9,1.800,0.00000,215.7E-6,1.798,-175.5E-9
5.568E-9,1.800,0.00000,22.28E-6,1.798,-99.18E-9
5.577E-9,1.800,0.00000,-12.85E-6,1.798,-90.27E-9
5.594E-9,1.800,0.00000,-64.99E-6,1.798,-76.01E-9
5.629E-9,1.800,0.00000,-123.8E-6,1.799,-54.25E-9
5.64E-9,1.800,0.00000,-132.4E-6,1.799,-49.49E-9
5.662E-9,1.800,0.00000,-141.9E-6,1.799,-40.06E-9
5.705E-9,1.800,0.00000,-144.8E-6,1.799,-24.97E-9
5.761E-9,1.800,0.00000,-134.6E-6,1.799,-12.78E-9
5.778E-9,1.800,0.00000,-130.0E-6,1.799,-10.77E-9
5.811E-9,1.800,0.00000,-120.5E-6,1.799,-6.738E-9
5.878E-9,1.800,0.00000,-103.7E-6,1.799,-2.653E-9
5.965E-9,1.800,0.00000,-86.66E-6,1.800,-902.8E-12
5.99E-9,1.800,0.00000,-82.77E-6,1.800,-886.2E-12
6.04E-9,1.800,0.00000,-75.82E-6,1.800,-360.5E-12
6.140E-9,1.800,0.00000,-64.43E-6,1.800,-134.9E-12
6.165E-9,1.800,0.00000,-62.13E-6,1.800,-208.8E-12
6.215E-9,1.800,0.00000,-57.93E-6,1.800,-25.38E-12
6.315E-9,1.800,0.00000,-50.84E-6,1.800,138.0E-12
6.415E-9,1.800,0.00000,-45.2E-6,1.800,232.4E-12
6.44E-9,1.800,0.00000,-44.0E-6,1.800,244.8E-12
6.49E-9,1.800,0.00000,-41.78E-6,1.800,347.0E-12
6.59E-9,1.800,0.00000,-37.84E-6,1.800,399.1E-12
6.69E-9,1.800,0.00000,-34.54E-6,1.800,427.2E-12
6.715E-9,1.800,0.00000,-33.81E-6,1.800,432.3E-12
6.765E-9,1.800,0.00000,-32.44E-6,1.800,473.1E-12
6.865E-9,1.800,0.00000,-29.96E-6,1.800,498.2E-12
6.890E-9,1.800,0.00000,-29.40E-6,1.800,496.0E-12
6.94E-9,1.800,0.00000,-28.33E-6,1.800,512.0E-12
7.04E-9,1.800,0.00000,-26.40E-6,1.800,530.3E-12
7.140E-9,1.800,0.00000,-24.7E-6,1.800,543.1E-12
7.165E-9,1.800,0.00000,-24.31E-6,1.800,545.0E-12
7.215E-9,1.800,0.00000,-23.57E-6,1.800,557.2E-12
7.315E-9,1.800,0.00000,-22.2E-6,1.800,565.5E-12
7.415E-9,1.800,0.00000,-20.97E-6,1.800,571.3E-12
7.44E-9,1.800,0.00000,-20.69E-6,1.800,572.4E-12
7.49E-9,1.800,0.00000,-20.14E-6,1.800,579.3E-12
7.59E-9,1.800,0.00000,-19.12E-6,1.800,584.3E-12
7.615E-9,1.800,0.00000,-18.88E-6,1.800,584.2E-12
7.665E-9,1.800,0.00000,-18.42E-6,1.800,587.6E-12
7.765E-9,1.800,0.00000,-17.55E-6,1.800,591.7E-12
7.865E-9,1.800,0.00000,-16.76E-6,1.800,594.9E-12
7.890E-9,1.800,0.00000,-16.58E-6,1.800,595.4E-12
7.94E-9,1.800,0.00000,-16.22E-6,1.800,598.4E-12
8.040E-9,1.800,0.00000,-15.54E-6,1.800,600.7E-12
8.14E-9,1.800,0.00000,-14.91E-6,1.800,602.5E-12
8.165E-9,1.800,0.00000,-14.76E-6,1.800,602.9E-12
8.215E-9,1.800,0.00000,-14.47E-6,1.800,604.8E-12
8.315E-9,1.800,0.00000,-13.93E-6,1.800,606.4E-12
8.34E-9,1.800,0.00000,-13.8E-6,1.800,606.4E-12
8.39E-9,1.800,0.00000,-13.54E-6,1.800,607.5E-12
8.49E-9,1.800,0.00000,-13.06E-6,1.800,608.9E-12
8.59E-9,1.800,0.00000,-12.61E-6,1.800,610.0E-12
8.615E-9,1.800,0.00000,-12.5E-6,1.800,610.2E-12
8.665E-9,1.800,0.00000,-12.29E-6,1.800,611.3E-12
8.765E-9,1.800,0.00000,-11.89E-6,1.800,612.2E-12
8.865E-9,1.800,0.00000,-11.52E-6,1.800,612.8E-12
8.89E-9,1.800,0.00000,-11.43E-6,1.800,613.0E-12
8.94E-9,1.800,0.00000,-11.25E-6,1.800,613.7E-12
9.040E-9,1.800,0.00000,-10.91E-6,1.800,614.4E-12
9.065E-9,1.800,0.00000,-10.83E-6,1.800,614.4E-12
9.115E-9,1.800,0.00000,-10.67E-6,1.800,614.9E-12
9.215E-9,1.800,0.00000,-10.37E-6,1.800,615.4E-12
9.315E-9,1.800,0.00000,-10.08E-6,1.800,615.9E-12
9.34E-9,1.800,0.00000,-10.01E-6,1.800,616.0E-12
9.39E-9,1.800,0.00000,-9.870E-6,1.800,616.5E-12
9.49E-9,1.800,0.00000,-9.607E-6,1.800,616.9E-12
9.59E-9,1.800,0.00000,-9.357E-6,1.800,617.2E-12
9.615E-9,1.800,0.00000,-9.297E-6,1.800,617.3E-12
9.665E-9,1.800,0.00000,-9.178E-6,1.800,617.6E-12
9.765E-9,1.800,0.00000,-8.949E-6,1.800,617.9E-12
9.790E-9,1.800,0.00000,-8.894E-6,1.800,617.9E-12
9.84E-9,1.800,0.00000,-8.785E-6,1.800,618.2E-12
9.92E-9,1.800,0.00000,-8.616E-6,1.800,618.4E-12
10.0E-9,1.800,0.00000,-8.454E-6,1.800,618.6E-12
